state_abbv,state_fips,year,website_pollingplace,website_reg_status,website_precinct_ballot,website_absentee_status,website_provisional_status,reg_rej,prov_partic,prov_rej_all,abs_rej_all_ballots,abs_nonret,uocava_rej,uocava_nonret,eavs_completeness,post_election_audit,nonvoter_illness_pct,nonvoter_reg_pct,online_reg,wait,residual,pct_reg_of_vep_vrs,vep_turnout
AK,Alaska,2008,0,0,,,,.06810195,.062138822,.00078125711,.0018604256,.16454825,.042964555,.1546564,1,1,.15214236,.052107278,0,5.7127004,.0034948266,.87569302,.68277264
AK,Alaska,2010,1,1,0,1,0,.08204972,.049772527,.0049784016,.0021139057,.15594244,.042494591,.48281661,1,1,.09313529,.035279382,0,,,.83543092,.52556038
AK,Alaska,2012,1,1,0,1,0,.097062916,.060354091,.00081001106,.002661465,.15452495,.082483955,.19329703,1,1,.12015536,.063834205,0,3.6568716,.0039742002,.86847156,.59180635
AK,Alaska,2014,1,1,0,1,0,.086495906,.056739084,.0072061163,.003245001,.24949852,.050324675,.25664371,1,1,.093119651,.020183906,0,4.1565981,,.8269493,.54381794
AK,Alaska,2016,1,1,1,1,0,.11164635,.061313752,.00083826185,.0027096584,.13172203,.079329856,.12363035,1,1,.12192352,.05422933,1,6.4288425,.0082982099,.87502903,.61800861
AL,Alabama,2008,0,0,,,,.00043909875,,,,,,.31000322,.48609424,0,.2261501,.075938895,0,14.260803,,.85220754,.60952842
AL,Alabama,2010,1,1,0,1,1,.0010221432,.0023871255,.0012293512,,,.19175628,.76430768,.59425175,0,.18656588,.078653038,0,,,.8214131,.43060836
AL,Alabama,2012,1,1,0,1,1,,.0036718757,.0021163446,,,,,.58248115,0,.23142886,.076355055,0,11.308345,.0062190001,.86328095,.58890975
AL,Alabama,2014,1,1,0,1,1,.017743733,.0019377223,.00061303435,,,,.81782645,.62521034,0,.16604702,.06461484,0,3.71631,,.80184573,.33212399
AL,Alabama,2016,1,1,1,1,1,.01607169,,,,.10025997,.039246466,.38134205,.72850353,0,.22291428,.050768558,1,13.146628,.0066012298,.86212748,.59257072
AR,Arkansas,2008,1,1,,,,,.0020310334,,,,,.26000941,.70734876,0,.17098345,.037976686,0,21.483608,.0085276598,.74238497,.52904886
AR,Arkansas,2010,1,1,1,1,0,.045255907,.0016514588,.00090785581,.0016141824,.097371541,.041946311,.5247525,.97760504,0,.15861425,.025411213,0,,,.71925467,.37541923
AR,Arkansas,2012,1,1,1,1,0,,.0024149076,.0015701201,.00094982161,.090755172,.10014171,.27744511,.96925056,0,.17145225,.051281892,0,12.887924,.0084186997,.7594837,.50954992
AR,Arkansas,2014,1,1,0,1,0,.01393076,.0019158198,.0010862025,.0012380371,.094845697,,.35431653,.95094705,0,.14078654,.022307964,0,7.7012954,,.74729663,.40142861
AR,Arkansas,2016,1,1,1,1,0,.033786308,.004131767,.0030509874,.0016215255,.079493009,,.17259933,.93391359,0,.20186481,.046497617,0,15.270416,.00627279,.83705938,.53103119
AZ,Arizona,2008,0,0,,,,,.065406613,.019162368,.0029415933,.064290576,.019081889,.36594051,.98944879,1,.12171349,.091858916,1,23.714245,.011795674,.82941592,.57360554
AZ,Arizona,2010,1,1,0,0,1,,.046745561,.0082611777,.0047194487,.23077932,.035565645,.67289603,.99101335,1,.087297969,.064290255,1,,,.80325204,.41521883
AZ,Arizona,2012,1,1,0,1,1,,.078869276,.014211697,.0053322911,.19674179,.0095288511,.28583315,.99073499,1,.12530252,.090455242,1,10.787029,.0104688,.77452207,.53292167
AZ,Arizona,2014,1,1,0,1,1,.087054349,.042909048,.0055109318,.0067556715,.42126796,.033846155,.6309821,1,1,.077035852,.055106144,1,2.1547434,,.77447933,.34115994
AZ,Arizona,2016,1,1,0,1,1,,.037650678,.00879985,.0039553232,.18576646,.026981179,.18325317,.98555118,1,.08287324,.063461348,1,5.6544242,.0213564,.809389,.56217176
CA,California,2008,0,0,,,,,.057856195,.0098768296,.0096582724,.16152531,.056657549,.37332803,.96755618,1,.14775597,.085749581,0,13.643649,.013190327,.82484579,.61735171
CA,California,2010,0,0,0,0,0,,.051936179,.0064788805,.0069039864,.30940014,.044668358,.7217111,.98531157,1,.11231986,.051526897,0,,,.75913417,.45050842
CA,California,2012,0,0,0,0,0,,.081449635,.013647079,.0045501031,.29382619,.084828839,.46028459,.98311806,1,.13636522,.093503714,1,5.8031926,.0123927,.80100423,.55893815
CA,California,2014,1,0,0,0,0,.096147023,.050601542,.0054662847,.0065635093,.4949773,.1152748,.83754742,.99565881,1,.10194969,.041763436,1,2.087554,,.74149376,.3078467
CA,California,2016,1,1,0,1,1,.15851121,.089469254,.013246233,.0040015061,.29174548,.047381636,.29253381,.99126631,1,.11564228,.07864251,1,6.6078906,.025503291,.797656,.5840137
CO,Colorado,2008,0,1,,,,,.021891385,.0033937104,.0032985019,.090012543,.05809316,.26238385,.93966848,1,.11898357,.064454556,0,12.64701,.0086180698,.84003299,.71601105
CO,Colorado,2010,1,1,0,1,1,.06640432,.021528471,.002005663,.0043214466,.21994133,.029903254,.57023472,1,1,.098185003,.048164621,1,,,.82371521,.50696188
CO,Colorado,2012,1,1,0,1,1,.016784405,.02422197,.0038040136,.0063234498,.12493495,.036514428,.3044472,1,1,.091950834,.063574754,1,6.3068857,.0104516,.87843382,.71049291
CO,Colorado,2014,1,1,0,1,1,.024444325,.00047257569,.00019124622,.0071792002,.349731,.017859757,.6655581,1,1,.072137155,.043039098,1,1.4026475,,.8667469,.54463571
CO,Colorado,2016,1,1,0,1,1,.032989845,.0020490957,.00051418087,.0080608167,.22166236,.01612764,.40220064,1,1,.070554003,.061499361,1,2.3994479,.02761911,.90048063,.72087783
CT,Connecticut,2008,0,0,,,,.0042328816,.00043469141,.00027175812,.0018682611,,,,.7778371,1,.21747319,.047210388,0,10.074364,,.85563833,.66642547
CT,Connecticut,2010,1,1,0,1,0,,.0007981821,.00050092209,.0010763758,.065101564,.01594203,.36032757,.94395918,1,.14739034,.028934998,0,,,.81373984,.45959899
CT,Connecticut,2012,1,1,0,1,0,,.00061705452,.00054016302,.0015096371,.086557195,.0096427789,.11451863,.77777779,1,.18870133,.041932113,0,8.5024147,,.84491897,.60998958
CT,Connecticut,2014,1,1,0,1,0,,.000017326976,8.2075148e-06,.0010979831,.083932973,.018382354,.26684636,.94444442,1,.12389116,.024503469,1,2.990191,,.81141531,.42533553
CT,Connecticut,2016,1,1,1,1,0,,.000039380531,.000021480289,.0015107804,.06347236,.017947281,.18253969,.88235295,1,.20214406,.032871366,1,6.0732584,.018503699,.86545414,.65427256
DC,District of Columbia,2008,1,1,,,,,.064851835,.018376082,.010393572,.036683787,,.5354439,.77777779,0,.26005191,.10069024,0,,.0038145771,.90909058,.6169486
DC,District of Columbia,2010,1,1,0,1,1,.028801413,.039588947,.0029297881,.0023482472,.32695112,.10903427,.71184921,1,1,.13236502,.061274771,0,,,.84706759,.29573914
DC,District of Columbia,2012,1,1,0,1,1,.0053328583,.13130152,.011027887,.0013457761,.28201592,.015,.18588874,1,1,.24762523,.092626214,0,33.85453,.0016652,.92459375,.61965692
DC,District of Columbia,2014,1,1,0,1,1,.0034302142,.11340816,.0067370627,0,.25401288,.14986376,.58072287,1,1,.10667844,.055677619,1,6.9017677,,.8625319,.35791108
DC,District of Columbia,2016,1,1,1,1,1,.0050269738,.01105371,.004672253,.00010582316,.2217489,.040540539,.18975469,1,1,.20776799,.03172313,1,16.281755,.0041813999,.93633616,.61113918
DE,Delaware,2008,1,0,,,,.24614403,.00094780803,.00079866056,.00080106617,.035596754,.07375145,.22553192,1,1,.21303475,.047521967,0,12.161645,.0027807197,.8579402,.65832853
DE,Delaware,2010,1,0,1,1,1,.16003108,.0001041818,.000097867749,.00043566932,.045477178,.043117743,.63942605,1,1,.1426831,.012888312,0,,,.81675464,.47842926
DE,Delaware,2012,1,0,1,1,1,.041488245,.0010846896,.0010008835,.00057466998,.076339856,.097714283,.28508288,1,1,.18058525,.051018059,0,4.9209337,.0088689001,.86270422,.62660235
DE,Delaware,2014,1,1,1,1,1,.052332196,.00026038385,.00022678594,.00026038385,.2352455,.014925373,.58333331,1,1,.13460839,.0097445119,1,2.6545055,,.82484239,.34355411
DE,Delaware,2016,1,1,1,1,1,.075797476,.00066039443,.00060907996,.00048190943,.11925396,.039952297,.19599999,1,1,.17922233,.040369224,1,4.8895535,.0031759001,.86986911,.64607763
FL,Florida,2008,0,0,,,,.004399329,.0041850614,.0021516629,.0021675178,.1405957,.023756657,.21624449,1,1,.16753253,.09558636,0,28.842903,.0073532597,.87688965,.66630977
FL,Florida,2010,1,1,1,1,0,,.0024080221,.00061949797,.003284198,.28984806,.041071605,.59559172,.8888889,1,.14275527,.049509555,0,,,.81821364,.42283514
FL,Florida,2012,1,1,1,1,0,.06299036,.0049949214,.0021157574,.0024057887,.18155128,.030868916,.2495005,1,1,.14670882,.078275204,0,44.976986,.0074809999,.85260403,.63962775
FL,Florida,2014,1,1,0,1,0,.035802357,.0020797148,.00089048065,.0031404635,.29058906,.037826527,.62880993,1,1,.13201837,.040190328,0,3.5993516,,.82284784,.43262726
FL,Florida,2016,1,1,0,1,0,.060156364,.0025442939,.0014001938,.0022855997,.21709415,.031663492,.27674547,.99996954,1,.13161255,.060301427,0,5.5254335,.0081146201,.87011325,.65744931
GA,Georgia,2008,1,1,,,,.0014454132,.0043674703,.0022620803,.00088204537,.016428875,.022578212,.31324145,.99987966,,.14203437,.058490496,0,37.570423,.0053731385,.84935278,.62731379
GA,Georgia,2010,1,1,1,1,0,.0019959128,.0031867665,0,.00016965081,.025725136,.04473161,.79904282,.99349302,0,.14147703,.05140049,0,,,.78852683,.40592468
GA,Georgia,2012,1,1,1,1,0,,.0053177718,.0027609877,.0001813041,.016809292,.024002982,.34535429,.94134033,0,.16754481,.062873505,0,17.776478,.0049255998,.86320949,.58650154
GA,Georgia,2014,1,1,1,1,1,.0037511552,.0046812412,.0019952389,.0016662307,.1295609,.044806518,.43714178,.9985401,0,.12918662,.047108091,1,7.3745174,,.77803469,.38530818
GA,Georgia,2016,1,1,1,1,1,.0029336396,.0040362552,.0022056052,.0032979187,.10084204,.081424557,.27369326,1,0,.14848693,.060400531,1,16.550327,.0057516601,.83303124,.59887046
HI,Hawaii,2008,1,0,,,,,.0011469072,.00088375446,.001835227,.089365236,,,.90122408,1,.12623376,.064664885,0,5.735971,.0054806615,.69611973,.49035606
HI,Hawaii,2010,1,0,1,0,0,,.00051255233,.00039088589,.0030637272,.077225536,.061994608,.34103021,.92620814,1,.11514931,.10211167,0,,,.65774649,.4009361
HI,Hawaii,2012,1,0,1,0,0,,.0016278442,.0013943138,.0025322021,.098107144,,.32621035,.92624938,1,.12792197,.081689902,0,7.0276074,.0056380001,.70917314,.444745
HI,Hawaii,2014,1,1,1,0,0,,.0004653935,.0004041575,.0016554128,.14237691,.125,.47513813,.94940847,1,.08974275,.096955746,0,2.496192,,.64003599,.36494294
HI,Hawaii,2016,1,1,1,0,0,,.0019305593,.0016244114,.0028421488,.15243857,.025930101,.22642608,.97108406,1,.099969447,.070577338,1,3.780215,.01993995,.7187587,.43036032
IA,Iowa,2008,1,1,,,,.0081065455,.0027850289,.00024959861,.0027940818,.051392086,.081302524,.24995746,.94444442,0,.12207783,.037882935,0,5.006278,.0062290933,.85315764,.69656885
IA,Iowa,2010,1,1,0,1,0,.0022326242,.0017566164,.00030791518,.0037761519,.059795722,.0373444,.5475862,.99938858,0,.093185626,.0328383,0,,,.82405758,.5079022
IA,Iowa,2012,1,1,0,1,0,.0057211816,.0031422351,.00054404192,.0051372652,.070098765,.059293274,.21591417,1,0,.12272054,.018853858,0,7.4952931,.0048876,.86481595,.70246911
IA,Iowa,2014,1,1,0,1,0,.0028298197,.0029895536,.00041407289,.0064308234,.1027749,.05719557,.32663316,1,0,.072726414,.029449739,0,1.9077146,,.84769076,.50232697
IA,Iowa,2016,1,1,0,1,0,.0060063605,.001614422,.00043696261,.0026799531,.031074671,.038165916,.20406879,.94418871,0,.09004534,.015864743,1,3.8444796,.0097004399,.85844737,.69049013
ID,Idaho,2008,1,0,,,,,,,.0013438081,.033496846,.12771475,.22723566,.9375,0,.15048735,.022024538,0,6.491838,.018687472,.77101141,.64843172
ID,Idaho,2010,1,1,0,1,,,,,.0030563001,.06609384,.20945945,.52889323,.9375,0,.12836178,.016803563,0,,,.71210724,.42772385
ID,Idaho,2012,1,1,0,1,,,,,.0014318089,.032526884,.1358954,.18498169,.93668038,0,.13142571,.032087829,0,7.0921254,.0210359,.77053583,.60876757
ID,Idaho,2014,1,1,0,1,,,,,.0016191077,.10880586,.1,.28672567,.9375,0,.12778582,.013506046,0,1.9593509,,.70152199,.39604637
ID,Idaho,2016,1,1,0,1,,,,,.0012329433,.029666021,.13741007,.15148515,.93333334,0,.1310991,.024229661,0,8.0134859,.02823665,.78034693,.60876042
IL,Illinois,2008,0,0,,,,.045681644,,,,.074257091,.029753905,.30627272,.63928419,1,.1864434,.063705064,0,9.2872171,.0098856352,.85200596,.64256495
IL,Illinois,2010,1,1,0,0,1,.40365773,,.0037247699,.00076075364,.17279367,.046720959,.78158963,.93799561,1,.13021304,.040769868,0,,,.81800878,.43194485
IL,Illinois,2012,1,1,0,0,1,.03696442,.0038300187,.0056720795,.00079370907,.079313412,,,.82246494,1,.1558387,.061051067,0,11.712019,.0071713999,.84823209,.59303057
IL,Illinois,2014,1,1,0,0,1,,.008871288,.0023770852,.0013720545,.14618348,,,.81993347,1,.12510701,.036442086,1,4.4905429,,.80240214,.40949884
IL,Illinois,2016,1,1,0,0,1,.034092117,.0047392948,.0022060375,.0010790143,.12046736,.024625121,.21560822,.99967438,1,.12755969,.041626759,1,6.3479285,.01258234,.88410807,.63357818
IN,Indiana,2008,1,1,,,,.020408385,,,,.036581814,,.4717899,.94369364,0,.17045112,.068611361,0,24.056875,.019362837,.81064779,.6030463
IN,Indiana,2010,1,1,1,1,1,.54463601,.0010168364,.00061780348,.0042424863,,.068157613,.7370199,.98268664,0,.12509474,.025922967,1,,,.73513222,.38006222
IN,Indiana,2012,1,1,1,1,1,.040763713,.0018026014,.0015007285,.0045216614,.0065625943,.20583738,.13478316,.99325019,0,.17448731,.064577788,1,14.319768,.0145808,.78423786,.55963689
IN,Indiana,2014,1,1,1,1,1,.040475342,,,.0044887168,.0088933939,.16138329,.10293013,.96888703,0,.10695765,.022688877,1,4.8581014,,.75158703,.28824309
IN,Indiana,2016,1,1,1,1,1,.065966077,.0010711486,.0008437105,.00073988008,.0026246607,.025219608,.087731667,1,0,.17443781,.052078437,1,17.001461,.01770539,.81358975,.57858533
KS,Kansas,2008,0,1,,,,.00040395139,.031834971,.0098226573,.003254218,.0658288,.10101964,.24473436,.88605911,0,.1657014,.05095426,0,10.751668,,.77179462,.63471937
KS,Kansas,2010,1,1,1,1,0,.00034708099,.021088826,.0059079495,.0049308697,.16310549,.03576538,.70180523,1,0,.11972587,.035272442,1,,,.76723164,.4168779
KS,Kansas,2012,1,1,1,1,0,,.034847721,.012092916,.0045387666,,.056886952,.22778158,.94444442,0,.15518427,.06523893,1,11.498145,.022419401,.81286782,.58124512
KS,Kansas,2014,1,1,1,0,0,,.025656246,.0074088224,.0025222974,.11961104,.017492712,.20828402,.94444442,0,.11605674,.026248664,1,4.4589114,,.75057954,.43400207
KS,Kansas,2016,1,1,1,0,0,,.033406049,.011211362,.0035643908,.088126555,.012831241,.1590704,.93979597,0,.13775086,.055136386,1,5.5047231,.025220551,.80751514,.59737623
KY,Kentucky,2008,1,1,,,,,.00045928801,.00036420734,.0010152683,.061862666,,.24984793,.72222221,0,.22425771,.058890909,0,12.314087,.018838329,.83167911,.58953273
KY,Kentucky,2010,1,1,0,0,1,.20891052,.000072637777,.000067701229,.00084186648,.02545213,.065693431,.2651515,.99955684,0,.17314005,.027390575,0,,,.76452303,.44141084
KY,Kentucky,2012,1,1,0,0,1,.2089529,.0001580487,.00013051408,.00099895592,.080859654,.080947421,.22370806,1,0,.17743474,.045199431,0,8.032156,.0102602,.80811894,.55901283
KY,Kentucky,2014,1,1,0,0,1,,.000089762361,.000076743396,.00093325449,.067946449,.10182767,.35714287,.94444442,0,.14821595,.02714232,0,7.0700188,,.8075726,.44035643
KY,Kentucky,2016,1,1,1,1,1,.67197359,.00014928788,.00011953291,.001100421,.10364778,.041826922,.45877764,1,0,.166482,.040257376,1,7.6432524,.01287877,.8296631,.59670532
LA,Louisiana,2008,1,0,,,,.059069838,.0040745875,.00237882,.00094759022,.025930472,.069134295,.29096627,1,0,.2016062,.045260426,0,19.072609,.010751489,.88088006,.61758554
LA,Louisiana,2010,1,1,1,1,1,.11593584,.00021714874,.000026951086,.00064605603,.34424663,.10436433,.88048917,1,0,.17322573,.041322529,1,,,.86245,.39941409
LA,Louisiana,2012,1,1,1,1,1,.078013681,.0034062858,.0021111823,.0011784497,.21734925,.042842217,.38802752,1,0,.17045942,.033183213,1,20.246925,.0101675,.85025477,.61000437
LA,Louisiana,2014,1,1,1,1,1,.099227093,.0010419056,.00066889409,.0012666434,.29785588,.064007424,.8479988,1,0,.14676817,.038291141,1,6.6633039,,.82128608,.45056367
LA,Louisiana,2016,1,1,1,1,1,.052864868,.0024090132,.0017826112,.0011079119,.21509458,.059399333,.41964409,1,1,.18314131,.041845292,1,12.251608,.01000228,.86414963,.6061995
MA,Massachusetts,2008,1,0,,,,,.003774418,.0027180193,.00063809322,.09135323,.073864043,.26114234,.66666669,0,.22329813,.087060317,0,5.6307926,.0069809905,.87055755,.67272878
MA,Massachusetts,2010,1,0,1,0,0,.033089068,.001240537,.00087070354,,.058879778,.079493672,.3245554,.87566853,0,.17179298,.022193173,0,,,.81889844,.49666852
MA,Massachusetts,2012,1,0,1,1,0,.033410184,.0040575392,.0030214849,.00078449945,.082343772,.0050395969,.18088569,.99988562,0,.20336337,.068304285,0,8.758975,.0051595001,.87736136,.66595179
MA,Massachusetts,2014,1,1,1,1,0,.04757132,.0012003885,.00088622968,.00049707515,.090688571,.0067859348,.29354981,1,0,.16707827,.020016162,0,3.2318907,,.80599606,.44626799
MA,Massachusetts,2016,1,1,1,1,0,.03349122,.0021750319,.0015227295,.0015248012,.10741748,.0095037501,.17211124,.99999756,1,.19432175,.065162696,1,5.3143082,.015909489,.8767485,.68296677
MD,Maryland,2008,1,1,,,,,.019220445,.0064431299,.00072241499,.092686459,.085650876,.17412223,.8888889,1,.19235945,.091768123,0,24.491892,.011386206,.87005526,.67817211
MD,Maryland,2010,1,1,1,1,1,.021160603,.019986844,.0017112921,.00060700823,.14561431,.15560949,.74646968,.99978763,1,.13792613,.039346278,0,,,.81215799,.46473944
MD,Maryland,2012,1,1,1,1,1,.002546194,.029213782,.0040703113,.00055372907,.12456508,.11230206,.25780928,1,1,.19453773,.066445693,1,29.184135,.0097784996,.87071711,.6681667
MD,Maryland,2014,1,1,1,1,1,.00011122233,.020092785,.0014927477,.00039768402,.19067051,.092085235,.45716709,1,1,.12174992,.03878291,1,4.791954,,.85185409,.41518563
MD,Maryland,2016,1,1,1,1,1,.0015407838,.028019546,.0033565748,.00085063151,.22107317,.076237977,.32340634,1,1,.16130018,.055304859,1,15.716783,.0092173303,.88472676,.67217356
ME,Maine,2008,1,0,,,,.0082359603,,,.0024635438,.027668796,.055927344,.28735083,.93149489,0,.13937449,.014208925,0,4.3595996,.017855991,.86455745,.71841908
ME,Maine,2010,1,0,1,0,,.010418122,.00027504939,0,.001958373,.036856454,.050075874,.51040119,.99976468,0,.10156292,.0074562384,0,,,.85985947,.56004107
ME,Maine,2012,1,0,1,0,,.016590558,.00043464883,0,.0029747819,.031977423,.079436451,.25519088,.99999487,0,.15452802,.012189665,0,3.7301269,.015975,.85455739,.69162834
ME,Maine,2014,1,1,1,0,,.018415928,.00013956711,0,.0022103535,.03887013,.029999999,.23323615,.99991965,0,.11918105,.0096398257,0,4.7673006,,.84823573,.58520085
ME,Maine,2016,1,0,1,0,,.011187607,.00025135346,0,.0031907565,.022612514,.039838746,.12383323,1,0,.14256482,.0099580623,0,4.0574293,.031047091,.87657547,.72757858
MI,Michigan,2008,1,1,,,,.0023447599,.00075351057,.00039173817,.001691777,.025029462,.090549745,.27339312,.96340525,0,.15839989,.046561211,0,20.394936,.007404923,.90444714,.69701523
MI,Michigan,2010,1,1,1,1,0,.0025673979,.00025625547,.00015682221,.0016676554,.045706462,.088536814,.32848004,1,0,.11822011,.032804269,0,,,.86789572,.45163938
MI,Michigan,2012,1,1,1,1,0,.002753898,.0005595414,.0003106239,.0016836443,.029105969,.08723513,.25115955,1,1,.16374734,.032454889,0,21.929638,.0104043,.89528906,.65334696
MI,Michigan,2014,1,1,1,1,0,.0017235249,.00035591586,.00014017127,.0016039732,.07239937,.027464585,.24553277,1,0,.12416449,.024378328,.5,2.8846095,,.86647791,.43155986
MI,Michigan,2016,1,1,1,1,0,.00072183635,.00038792775,.00031858901,.0012659451,.061234888,.025135277,.21771577,1,0,.13583705,.030937558,.5,8.3011665,.01027301,.88909715,.65667069
MN,Minnesota,2008,1,0,,,,.001385901,,,.0033979788,,.063601024,.27783731,.96837097,1,.13356462,.011876082,0,8.6466446,.0033713283,.91812861,.78102571
MN,Minnesota,2010,1,1,1,1,,.0023994846,,,.0036710529,.070907921,.073411763,.34987196,.97507721,1,.11856145,.014363226,0,,,.85347235,.55860668
MN,Minnesota,2012,1,1,1,1,,.00089243473,,,.0026342187,.043199636,.076314405,.21074623,1,1,.16280241,.012348572,0,6.2248178,.0048186998,.87689584,.7611475
MN,Minnesota,2014,1,1,1,1,,.0012604789,,,.0024042206,.17109971,.065382369,.3742975,1,1,.1072707,.00914637,1,2.3955147,,.82527971,.50508094
MN,Minnesota,2016,1,1,1,1,,.00065895385,,,.0020448968,.075431183,.07576482,.23348211,1,1,.15444912,.020148177,1,6.8095851,.0077647599,.8865658,.7484026
MO,Missouri,2008,1,1,,,,,.0023174956,.0017252541,.0018226488,.042621091,.046064563,.19128491,.95685136,1,.16619581,.099153794,0,25.948952,,.85468245,.69138604
MO,Missouri,2010,1,1,1,0,0,,.0018590366,.0010258999,.0010335409,.036776628,.077058822,.61004174,.97610974,1,.1527473,.044920672,0,,,.81763732,.44467643
MO,Missouri,2012,1,1,1,0,0,.084380686,.0022504414,.0015879464,.0017868357,.045915473,.038608871,.21689971,.99688709,1,.16751409,.075805716,0,12.708758,,.86794096,.62512809
MO,Missouri,2014,1,1,1,0,0,.00027753014,.00063683506,.00042544026,.00093504082,.063870698,.027162978,.42073897,1,1,.14241342,.032540061,1,3.1394763,,.83450449,.31784981
MO,Missouri,2016,1,1,1,0,0,.0051779333,.0020060695,.0012788115,.0019668073,.047387026,.015799046,.26176393,.93338853,1,.17090154,.057231013,1,13.852711,,.85385305,.62315291
MS,Mississippi,2008,0,0,,,,,,,,,,,.73522353,0,.18534994,.082517818,0,11.003478,,.86822695,.61033803
MS,Mississippi,2010,1,0,0,0,0,,,,,,,.19803064,.78488696,0,.18514644,.028362807,0,,,.82203442,.36976951
MS,Mississippi,2012,1,0,0,0,0,,,,,,,,.72145492,0,.20690326,.064829573,0,7.6922841,,.90198112,.59715945
MS,Mississippi,2014,1,0,1,0,0,,.0068130037,.0014530215,.00090705702,.091957614,.016393442,.45183486,.93520528,0,.18549965,.019775048,0,2.4311097,,.85243696,.28886363
MS,Mississippi,2016,1,1,1,0,0,.0021845177,.017772254,.0044271462,.0013073062,.060113691,.0089538172,.26599792,.94117647,0,.1873583,.074973874,.5,8.0150881,,.87040883,.55569112
MT,Montana,2008,0,0,,,,.0098771993,.0075603044,.00020096503,.0039429339,.040864982,.067111276,.32452235,.99594539,0,.13680297,.037115555,0,6.151454,.011682765,.80206931,.67075151
MT,Montana,2010,1,1,0,1,0,.01654961,.0074585397,.00034323445,.0021874388,.092260964,.037785016,.6082828,.99953473,1,.11883008,.032883275,0,,,.77676022,.48410967
MT,Montana,2012,1,1,1,1,0,.011017652,.011305659,.0005447531,.0017338597,.092669837,.0099293906,.32993457,1,1,.13012452,.055354655,0,16.500921,.0163304,.82720506,.63631624
MT,Montana,2014,1,1,1,1,0,.033067964,.012206051,.00041997587,.0025011301,.11135978,.012626262,.34151787,1,1,.10064928,.033373777,0,2.1021338,,.74180895,.47262946
MT,Montana,2016,1,1,1,1,0,.006037029,.014732028,.00060746644,.0021764322,.050939344,.007746479,.15023097,.94444442,1,.084571235,.048443869,0,3.2841644,.029171931,.82239437,.64260685
NC,North Carolina,2008,1,1,,,,.032517947,.012442036,.0063318931,.0061039184,.14487933,.07939408,.32958293,1,1,.16834645,.075279579,0,21.043921,.010054262,.84509921,.66135651
NC,North Carolina,2010,1,1,1,1,1,.090812206,.0097222729,.0039111995,.00027585379,.11783835,.083762445,.78186274,1,1,.14249183,.031586118,0,,,.79335552,.39793816
NC,North Carolina,2012,1,1,1,1,1,.042992044,.011276444,.0061303219,.00049276068,.10708314,.0089706071,.20891842,1,1,.17357709,.077260487,0,13.546648,.0081708999,.88821244,.65163881
NC,North Carolina,2014,1,1,1,1,1,.061113749,.0064251767,.0033573767,.0013204014,.19062819,.0084997872,.28174603,1,1,.12984751,.02300629,0,8.7539063,,.83044565,.41218305
NC,North Carolina,2016,1,1,1,1,1,.10580328,.012929739,.0071971421,.0010364174,.15636574,.013194882,.18767193,1,1,.16480404,.072475128,0,14.256379,.0058864001,.8798371,.65172887
ND,North Dakota,2008,1,,,,,,,,.001202795,.06355159,.022593319,.23375653,1,1,.10326316,.022512216,,5.3196974,.016180212,,.63620675
ND,North Dakota,2010,1,,1,1,,,,,.00075506454,.061139148,.0054644807,.33834586,1,1,.075032964,.014874974,,,,,.4666774
ND,North Dakota,2012,1,,1,1,,,,,.0011004203,.054636128,.013584905,.18306351,1,1,.10116036,.023247866,,7.4575806,.0089915004,,.61075699
ND,North Dakota,2014,1,,1,1,,,,,.0023522044,.061476897,.013605442,.2017291,1,1,.07649231,.018194163,,3.7932556,,,.44983187
ND,North Dakota,2016,1,,1,1,,,,,.0017459886,.049674928,.032666668,.13494809,1,1,.1006645,.023739863,,6.714323,.01595965,,.61933815
NE,Nebraska,2008,1,1,,,,.004634853,.019066742,.0041994136,.0022986524,.040135108,.078510873,.18824582,1,0,.089563817,.070846185,0,9.2907486,.013107155,.82733786,.63694274
NE,Nebraska,2010,1,1,0,0,1,,.011101975,.0020039165,.0021191069,.081557982,.11609907,.63890439,.97425491,0,.086546808,.029165015,0,,,.77378279,.37971747
NE,Nebraska,2012,1,1,0,1,1,.0034176554,.018551487,.003994762,.0048334412,.10554636,.045931105,.1462063,.98224187,1,.091397166,.078702815,0,5.8412137,.01226741,.81491697,.60837871
NE,Nebraska,2014,1,1,0,1,1,.0019133525,.011359044,.0021217803,.0033738301,.079216339,.05652174,.30722892,1,1,.08423692,.027151709,0,3.0101888,,.77579868,.41495216
NE,Nebraska,2016,1,1,1,1,1,.0017888187,.018638447,.0044377251,.00309836,.039303772,.046890423,.1850362,1,1,.10420382,.066933259,1,5.6218939,.01899432,.85564429,.6375072
NH,New Hampshire,2008,0,0,,,,,,,.0017639627,.047409281,.043616407,.1798152,.6875,0,.1706019,.021972194,0,7.4609556,.011948836,.84311956,.72528136
NH,New Hampshire,2010,1,1,0,1,,,,,.0014563643,.053024717,.042845596,.47249466,.8125,0,.11234184,.014918108,0,,,.77566648,.46197784
NH,New Hampshire,2012,1,1,0,1,,.000017280709,,,.002414081,.047279175,.073371597,.12664042,1,0,.15795779,.020031467,0,10.682251,.0109887,.84158385,.70895821
NH,New Hampshire,2014,1,1,0,1,,0,,,.0015756885,.048776973,.077574044,.20337078,1,0,.1003753,.016732253,0,5.17061,,.78322262,.48362997
NH,New Hampshire,2016,1,1,1,1,,0,,,.002062906,.034984641,.049382716,.12195122,1,0,.15510112,.015562129,0,5.1819267,.0152861,.86832356,.72531295
NJ,New Jersey,2008,1,1,,,,.045373764,.018294623,.0046115052,.00165873,.43372211,.029427836,.31583443,.89547557,,.19134796,.065951191,0,7.3512292,.018342191,.85469848,.67691541
NJ,New Jersey,2010,1,1,0,0,0,.083603606,.0080460617,.0015350736,.0015382851,.21924691,.045346063,.749744,1,0,.11554985,.028560912,0,,,.81946808,.37782177
NJ,New Jersey,2012,1,1,0,0,0,.086024396,.026507678,.0035570718,.0017767684,.15606286,.014408424,.28989309,1,0,.1966214,.053211547,0,4.7182956,.0101081,.8654117,.62615234
NJ,New Jersey,2014,1,1,0,1,1,.11371217,.0083984081,.0015024297,.0028446552,.30119029,.028074866,.50299001,1,0,.10959952,.02505002,0,1.9838659,,.81191552,.32540774
NJ,New Jersey,2016,1,1,0,0,0,.010785835,.014174047,.0026755596,.0025161076,.13634729,.010742123,.18985999,1,0,.16536908,.049907219,.5,6.7496839,.01278143,.86782289,.65487987
NM,New Mexico,2008,1,1,,,,,.0085491231,,.0016928337,,.020134227,.25461921,.81181997,,.16679956,.06040423,0,12.257025,.0038482537,.80825561,.61158615
NM,New Mexico,2010,1,1,0,0,1,,.0095654149,.0019380553,,0,.018242123,.013029316,.89555162,1,.1634693,.037951004,0,,,.74714977,.4307647
NM,New Mexico,2012,1,1,1,0,1,,.0096772658,.0032016651,.0021323441,.062351856,.029638411,.32988721,.96059555,1,.1630815,.060058329,0,4.2200513,.0035041,.82494825,.54910344
NM,New Mexico,2014,1,1,0,0,0,,.0045029023,.0015323712,.00060476735,.17558567,.036117382,.35303265,.92755347,1,.1341615,.025937613,0,5.4415598,,.74099231,.35686597
NM,New Mexico,2016,1,1,1,0,1,,.0070834896,.0039324788,,.11854047,,.2006665,.9304778,1,.1428771,.06389387,1,5.6063738,.0071560699,.75527108,.55201864
NV,Nevada,2008,1,1,,,,.061280455,.0068070833,.0039401292,.0056215394,.088047184,.12855615,.37444875,.99662602,1,.098960839,.094575085,0,12.102347,.0022381004,.77600545,.57166505
NV,Nevada,2010,1,1,0,1,0,.00438336,.0041489289,.0019220323,.0013233892,.14117,.12393162,.26915887,.98747236,1,.10196193,.033713557,0,,,.71279645,.41245338
NV,Nevada,2012,1,1,0,1,0,.039069671,.0081835622,.0047761188,.0011397444,.14979157,.043371521,.17925259,1,1,.12433895,.082265116,1,8.453208,.0017174,.78990161,.57231605
NV,Nevada,2014,1,1,1,1,0,.094220415,.00077097653,.00036739022,.0020106924,.1558947,.066471167,.45086393,1,1,.089832969,.026619682,1,2.8869951,,.68529665,.29008642
NV,Nevada,2016,1,1,1,1,1,.12015194,.0060762502,.004016865,.0010429848,.15594716,.013178538,.13653928,1,1,.12049805,.048186664,1,10.01785,.000039099999,.80435693,.57300067
NY,New York,2008,1,1,,,,,,,,,,,0,1,.17072251,.061922293,0,8.5438099,.01088643,.83932185,.59631914
NY,New York,2010,1,1,0,0,0,,,,,,.25336698,.60260177,.66758144,1,.14412066,.025622599,0,,,.78455317,.36278763
NY,New York,2012,1,1,0,0,0,,.068902984,.018127322,,,.17313348,.30832186,.8380723,1,.16882285,.053216044,1,9.5384398,.0077084,.82542503,.53602135
NY,New York,2014,1,1,0,0,0,.13403246,.01332821,.0055674999,.003042775,.25094777,.080987364,.66187793,.90625352,1,.13855752,.024116114,1,4.6248837,,.76459599,.28977808
NY,New York,2016,1,1,0,0,0,.063342966,.034765225,.015498113,.0029319609,.1884263,.082226932,,.93282092,1,.14650241,.046768747,1,8.6119461,.01029071,.83054924,.57293338
OH,Ohio,2008,1,0,,,,,.035562813,.0068449173,.0046071894,.050632503,.049000692,.18513021,.97452903,0,.15677163,.080911756,0,15.594967,.013049359,.84420574,.67817849
OH,Ohio,2010,1,1,0,0,0,.02317661,.026743155,.0029985206,.0035691443,.08309903,.05558455,.61841023,.99058723,1,.12281866,.047225006,0,,,.79088688,.46214172
OH,Ohio,2012,1,1,0,0,0,.069668479,.03694449,.0060936473,.0022812563,.064136773,.022853142,.20560029,.99210685,1,.13769524,.080254257,0,11.001864,.0091613997,.84966081,.65152693
OH,Ohio,2014,1,1,0,0,0,.053484913,.015639346,.0015029163,.0033480683,.12973218,.021527423,.34399456,.99511135,1,.11194148,.030391965,.5,2.3911064,,.77295595,.36204764
OH,Ohio,2016,1,1,1,1,0,.056639645,.027634615,.0040976233,.0018169851,.062198486,.014606989,.19409069,1,1,.12379792,.056185506,.5,6.3201694,.01267806,.81584281,.64181411
OK,Oklahoma,2008,1,0,,,,,.0019102268,.0015921948,.0013616384,.1699076,.059502397,.27724665,.94444442,0,.18444355,.094141603,0,22.382929,,.81081331,.5630492
OK,Oklahoma,2010,1,0,0,0,0,,.00067081489,.00055869296,.0011585931,.080973275,.083158627,.71962041,.94238126,0,.1554832,.052150387,0,,,.70270431,.38696086
OK,Oklahoma,2012,1,0,0,0,0,,.0039549493,.0026716194,.0014180649,.1564268,.054576855,.31063893,.94444442,0,.1740918,.097731635,0,15.889287,.0063332999,.7696237,.49157214
OK,Oklahoma,2014,1,1,1,1,1,.076044902,.0019464467,.00094597065,.00086724071,.25836253,.0522293,.82841527,1,0,.1344552,.034512721,0,4.0162339,,.74037176,.29779142
OK,Oklahoma,2016,1,1,1,1,1,.067791007,.0050317128,.0036977015,.0020231933,.17058699,.052150659,.34477219,1,0,.15385503,.078254454,0,16.166506,,.78261131,.52379507
OR,Oregon,2008,0,1,,,,,.0017070848,,.00699959,.13669474,,,.65416294,1,.098050378,.13361974,0,,.0094225667,.85046649,.68334353
OR,Oregon,2010,1,1,0,1,0,,.00086470641,.000059843598,.0086860629,.27986875,.076875128,.65326744,.9049812,1,.046748143,.094155177,1,,,.84192139,.53898871
OR,Oregon,2012,1,1,1,1,0,,.00097280595,.000041197316,.0073375166,.1704226,.020767724,.34344789,.93885291,1,.11949157,.13784543,1,,.0171584,.85867757,.64343691
OR,Oregon,2014,1,1,1,1,0,,.000045713929,6.5305613e-07,.0066879475,.28824612,.017668776,.73949361,.94444442,1,.063312106,.090546876,1,.45563427,,.8415758,.53498745
OR,Oregon,2016,1,1,1,1,0,,.000066294509,.000031684875,.0085666152,.19670923,.019070983,.23420142,.88235295,1,.089583896,.13933808,1,.48872867,.024427621,.88636363,.68259197
PA,Pennsylvania,2008,1,0,,,,.36857086,.0054185581,.0023927107,.00032002729,.11320093,.0066624959,.20628615,.94446522,1,.16668096,.058227487,0,14.494613,.015379758,.81388015,.64193213
PA,Pennsylvania,2010,1,1,0,0,1,.55457765,.0023761287,.00091878948,.00058490835,.10809176,.018584615,.64739835,1,1,.13227864,.031236235,0,,,.76336199,.41721499
PA,Pennsylvania,2012,1,1,0,0,1,.027639681,.0084722014,.00350265,.00031900429,.12113979,.018818948,.3073439,1,1,.15651499,.039013084,0,9.0927134,,.80986834,.5935306
PA,Pennsylvania,2014,1,1,0,0,1,.046164937,.0023563346,.00081401161,.00067146058,.098865241,.019711902,.63583654,1,1,.13057473,.026979366,0,1.4642868,,.76574993,.36031824
PA,Pennsylvania,2016,1,1,0,0,1,.094189964,.0042504198,.0015092036,.00040718928,.088924713,.027273124,.24503048,1,1,.1544196,.039765775,1,11.497817,,.82051373,.6355086
RI,Rhode Island,2008,1,1,,,,,.0015828979,.00063626282,.00018105,.028080158,,.20533334,.5,0,.23239689,.081606768,0,5.2357945,.0077025332,.84173012,.62260741
RI,Rhode Island,2010,1,1,1,1,1,,.0026504444,.0010567132,.00038110965,.10819118,0,.35881105,.94398928,0,.18157698,.044674147,0,,,.80480623,.44896615
RI,Rhode Island,2012,1,1,1,1,1,,.0052193017,.0028233386,.00072188897,.098874748,.0017271157,.33217993,.94551134,0,.21198045,.064453341,0,11.675141,.0088438001,.8356545,.5801999
RI,Rhode Island,2014,1,1,1,1,1,,.006251384,.0030362131,.001364931,.12383868,0,.26923078,.94444442,0,.13385211,.038662445,0,2.5355234,,.79212815,.42236936
RI,Rhode Island,2016,1,1,1,1,1,,.0084400494,.0040805289,.002257495,.069341958,0,.19503993,.94117647,0,.18508898,.043710753,1,8.2429132,.01159525,.85853094,.5974167
SC,South Carolina,2008,0,1,,,,,.0049405713,.0025850113,.00055896339,.025751909,.030862126,.26298004,.87961721,0,.2167241,.075132675,0,61.502129,.010564621,.80662441,.58203787
SC,South Carolina,2010,1,1,0,1,1,,,,.00047403551,.033289764,.020360218,.27319294,.88939804,0,.17614615,.059540186,0,,,.77754611,.40336475
SC,South Carolina,2012,1,1,0,1,1,,,,.00032803166,.031749219,,.22334675,.81804413,0,.21609727,.060796596,1,25.176964,.0087801004,.82490778,.57089269
SC,South Carolina,2014,1,1,1,1,1,,.0038157562,.0015805189,.00042247571,.037318189,.0072568939,.32118228,.94444442,1,.15750588,.028396465,1,8.4038744,,.79480493,.35212055
SC,South Carolina,2016,1,1,1,1,1,,.0047530485,.0022753456,.0013680309,.021773502,.0061206645,.20375957,.88235295,1,.1745697,.049188338,1,18.737261,.0096803298,.83302152,.57289356
SD,South Dakota,2008,1,1,,,,,.00083902362,,,.024725407,,.14273205,.81194723,0,.079558954,.077785924,0,3.9125009,.01412831,.83616114,.65589279
SD,South Dakota,2010,1,1,1,1,0,.0034499106,.00022677824,.0002106289,.00062000984,,,.25810811,.96940643,0,.097336218,.047196515,0,,,.81180298,.53863603
SD,South Dakota,2012,1,1,1,1,0,,.0011957182,.00093000307,.00040128411,.021500451,.056004979,.21797419,.97259539,0,.092500113,.08560098,0,4.2746549,.0129012,.83136529,.60144371
SD,South Dakota,2014,1,1,1,1,0,.00063113205,.0017330348,.0011742195,.00061186741,.022139581,.035532996,.29590017,1,0,.089118145,.040247951,0,1.934741,,.75252718,.44947004
SD,South Dakota,2016,1,1,1,1,0,.00038931583,.0010161184,,.00096517848,.0079744337,.034616631,.30143356,.98481649,0,.099961251,.062407177,0,4.7498422,.02348844,.84178227,.59873873
TN,Tennessee,2008,1,1,,,,,.001677464,.0010579634,.00097860536,,.053777374,.17403403,.88425994,0,.17391336,.10324624,0,19.433647,.0065218727,.80224723,.57377338
TN,Tennessee,2010,1,1,0,0,0,,.0003966626,.000256075,.00011353687,.066014983,.038747177,.29340634,.97998232,1,.1629366,.049555533,0,,,.76300329,.34652776
TN,Tennessee,2012,1,1,0,0,0,,.0028582581,.0022038706,.00024756248,.073692329,.059096895,.22130366,.98988676,1,.16834518,.068415232,0,13.694903,.0087110996,.78623974,.52610034
TN,Tennessee,2014,1,1,1,0,0,.10002981,.0010257902,.00059435697,.000085582986,.10246083,.036512669,.3652381,.99554688,1,.14190437,.038934905,0,6.5825377,,.74312264,.2856352
TN,Tennessee,2016,1,1,1,0,0,.073293753,.0045920452,.0033065241,.00023298108,.092358723,.041996829,.2111828,1,1,.14362681,.078301311,0,10.076122,.01463263,.78516406,.51190656
TX,Texas,2008,0,1,,,,.21318045,.0051113367,.0039379727,.0019582328,.087005034,.064478718,.3066428,.97398418,1,.13463944,.069537446,0,12.033781,,.79473174,.54105145
TX,Texas,2010,1,1,0,0,0,.069752134,.0027963528,.0021549424,.00060908525,.083317935,.041842178,.74757648,.99996513,1,.10881554,.029735807,0,,,.74959004,.32165542
TX,Texas,2012,1,1,0,0,0,.026014172,.0063532582,.0052230144,.00056158792,.063416153,.042950314,.47364542,.94504744,1,.12941456,.064973019,0,12.435968,,.77087474,.49650645
TX,Texas,2014,1,1,0,0,0,.055307537,.0045092013,.0033226092,.0011103952,.14026079,.082598604,.46379879,.97493243,1,.097435705,.028646864,0,7.2449918,,.72803783,.28341606
TX,Texas,2016,1,1,0,0,0,.05426015,.0077391514,.006303763,.00096063962,.10227082,.026136719,.29454398,.95538718,1,.1183734,.053245008,.5,10.979251,,.80346882,.51591444
UT,Utah,2008,1,0,,,,,.045286573,.0071467324,.0017521,.25002283,.042249147,.31199837,.97351402,1,.14134705,.093326017,0,13.730141,.01937324,.75816345,.57118922
UT,Utah,2010,1,1,1,1,1,.022325568,.029825158,.0046305223,.001741995,.30752203,.021871204,.72176874,1,1,.12088554,.032663912,1,,,.73988795,.36712131
UT,Utah,2012,1,1,1,1,1,.033275742,.052278709,.0099683683,.0019559429,.22574496,.01578073,.2831068,.94444442,1,.1552075,.10198568,1,10.318466,.0110285,.76789743,.56044292
UT,Utah,2014,1,1,1,1,1,,,,,,,,,1,.11067366,.026653657,1,5.0491056,,.6988709,.30229947
UT,Utah,2016,1,1,1,1,1,.057070326,.030828115,.0036597173,.0062822602,.29105332,.041785374,.44762179,.99974877,1,.12134106,.081830457,1,8.6759596,.0076086698,.81341463,.57734311
VA,Virginia,2008,1,1,,,,.052208442,.0024943568,.0017967689,.0017925022,.073189117,.077756509,.29941094,.99783975,0,.17687869,.10059811,0,28.682362,.0078867888,.87305582,.67556769
VA,Virginia,2010,1,1,1,1,1,.081794374,.001297807,.00094016496,.00028087542,.037009574,.079323798,.17717004,.94568932,0,.12897632,.04375926,0,,,.83182275,.39164284
VA,Virginia,2012,1,1,1,1,1,.024470968,.0033006179,.0020775776,.00058457535,.039965089,.017418033,.16928767,.99719095,0,.1964353,.07693179,0,23.645611,.0108696,.86123008,.66936499
VA,Virginia,2014,1,1,1,1,1,.080045976,.0012254082,.00076320476,.00026502696,.043761283,.079323798,.17492537,1,1,.12560894,.039244249,1,2.6977124,,.83560544,.36649948
VA,Virginia,2016,1,1,1,1,0,.085324675,.0032780305,.002393713,.00078772823,.055131685,.064245656,.20484273,.94117647,1,.1685483,.065012857,1,10.424809,.01131805,.86525309,.66110134
VT,Vermont,2008,0,0,,,,.0022087798,.0001018455,8.9863679e-06,.0037844055,.031025255,.059860788,.15514533,.99538296,0,.13854671,.04103221,0,2.4800456,.0068896827,.83425081,.67710292
VT,Vermont,2010,0,0,0,0,0,,.000051123654,.000017041219,.0024534017,.035228401,,.38177013,.90780205,0,.1157122,.030813145,0,,,.83081299,.49942496
VT,Vermont,2012,0,0,0,0,0,,.000065229331,,,.043457173,.018096514,.21250001,.92719197,0,.096562542,.047906119,0,1.9596695,.0082938001,.82668579,.60861808
VT,Vermont,2014,1,0,0,0,0,.018954385,.00005927536,.000019758452,.00157443,.033480465,.017639078,,.97631067,1,.098646671,.031306967,0,1.5823668,,.76793319,.38820198
VT,Vermont,2016,1,1,1,1,0,.009852617,.000034324908,9.3613380e-06,.0016569569,.041863725,.058877226,.040897574,1,1,.073288046,.044644661,1,1.9144578,.01685041,.86687744,.6475659
WA,Washington,2008,0,1,,,,,.01759579,.0037592945,.0081960885,.134653,.011588892,.2820906,.88696021,1,.064154357,.10604227,1,,.011300022,.84190774,.67342186
WA,Washington,2010,1,1,1,0,0,,.0023624205,.00058816903,.013356777,.27433667,.013017246,.60487407,.965042,1,.057559416,.10183754,1,,,.82723242,.54327881
WA,Washington,2012,1,1,1,0,0,.011689576,.0021306786,.00095119583,.0093491636,.18062365,.011005661,.36656836,1,1,.034531958,.11444009,1,,.0149461,.84011853,.6504631
WA,Washington,2014,1,1,1,1,0,.0085715391,.00055946124,.00007904919,.012602699,.45111397,.014006792,.72428256,1,1,.048342958,.096154541,1,.406409,,.81690556,.43112576
WA,Washington,2016,1,1,1,1,,.011521148,.0018371007,.00049145939,.0090121692,.22712481,.021507669,.42615172,1,1,.034169056,.088546932,1,1.4736384,.01380848,.87161762,.6566934
WI,Wisconsin,2008,1,1,,,,,.000070406815,.000039040744,.00091395387,.053276166,.039233819,.3104991,.88159943,1,.17287897,.0081732906,0,7.9361973,.0044886847,.86915678,.72732556
WI,Wisconsin,2010,1,1,1,1,1,,.000029290337,.00001510283,.0013226417,.058179226,.12078831,.64140302,.8888889,1,.1109217,.016304728,0,,,.81103772,.52064031
WI,Wisconsin,2012,1,1,1,1,1,.0012219832,.000044616947,.000025015148,.0013365236,.06692224,.070657797,.33584625,.99906033,1,.22164091,.012357119,0,8.2153187,.0029845,.87777793,.72471416
WI,Wisconsin,2014,1,1,1,1,1,.0017994567,.000022293341,.000015275067,.00061513105,.023623193,.054771785,.37560976,1,1,.12075263,.016152857,0,2.6917048,,.81832284,.56511331
WI,Wisconsin,2016,1,1,1,1,1,,,,,.11871876,.0070181163,.31482881,.90838224,1,.15927273,.018562004,1,6.0834522,.0077106901,.8416695,.69401294
WV,West Virginia,2008,1,1,,,,,,,,,,,.76849216,1,.22706275,.048615564,0,15.015577,.031688426,.78142524,.51151502
WV,West Virginia,2010,1,1,0,0,0,.0046140016,,.0019608829,.0011363872,.51564848,,.33267522,.81357104,1,.16758624,.032834817,0,,,.74902517,.36704856
WV,West Virginia,2012,1,1,0,1,1,,,,,,.001784652,.20782281,.96016884,1,.22853476,.048617136,0,9.7925844,.0213969,.78875029,.46328065
WV,West Virginia,2014,1,1,0,1,1,.0049424819,.0068767499,.0020005878,.00010802309,.093262032,.025157232,.32911393,1,1,.17807738,.034843665,0,3.7717471,,.7566219,.31166682
WV,West Virginia,2016,1,1,1,1,1,.0018604187,.0045021526,.0011019141,.00046561673,.08742097,.0092064887,.23469837,.99954605,1,.21788637,.051759943,1,7.2751899,.01519604,.7749061,.50101113
WY,Wyoming,2008,1,0,,,,,,,.00088269182,.027545201,,.23391813,.88344717,0,.12815282,.059820954,0,5.620379,.0053494009,.78288245,.63104463
WY,Wyoming,2010,1,0,0,0,0,,,,.0011267045,.044729859,.033898305,.48302299,.89375216,1,.1332978,.02094337,0,,,.72502559,.45808017
WY,Wyoming,2012,1,0,0,0,0,,,,.00070602034,.026822986,.032615785,.28489584,.90053934,1,.11532616,.041794114,0,4.5165391,.0065417001,.74673194,.59297657
WY,Wyoming,2014,1,0,0,0,0,,,,.0014723669,.040012535,.03322259,.4646098,.89595276,1,.11382795,.019362168,0,2.7594376,,.67443436,.39336205
WY,Wyoming,2016,1,0,0,0,0,,.00018709584,.00010913924,.00071720075,.032027993,.022508038,.2211704,.94444442,1,.078365311,.033103615,0,5.7308187,.01135679,.79515922,.60424495
